horizon_min,feature_set,n_features,RMSE,MAE,R2,n
5,persistence (0),0,0.18678779564307257,0.1196893513825915,-2.0471269098321088e-05,1546
5,local_only,50,0.1867866861874934,0.11970462763069124,-8.591745681130192e-06,1546
5,plus_neighbours,56,0.1858054050951198,0.1202840706936815,0.010470869593576682,1546
5,plus_row,59,0.18638076586449467,0.11977153303708613,0.004333074643075752,1546
15,persistence (0),0,0.29826340375745036,0.20222353462810935,-9.307727343244032e-05,1544
15,local_only,50,0.29370269527271137,0.1997747927265549,0.030257686973289677,1544
15,plus_neighbours,56,0.29406992235832924,0.1997423114673317,0.02783116327246704,1544
15,plus_row,59,0.2945253831367476,0.1998867131258858,0.024817406081094284,1544
30,persistence (0),0,0.3555464170084239,0.25767089034807694,-0.0001404772071904592,1541
30,local_only,50,0.34457851484462343,0.25205976771248345,0.06061249119860068,1541
30,plus_neighbours,56,0.3440716387155848,0.2503817842876155,0.06337414273657682,1541
30,plus_row,59,0.3451490101918332,0.25255035957042504,0.0574993554689992,1541
60,persistence (0),0,0.3788263380172717,0.2851549737261341,-0.00022855191108583917,1535
60,local_only,50,0.37722680696130734,0.2837370624580328,0.008200212529106077,1535
60,plus_neighbours,56,0.3752426918135885,0.28200562405246266,0.018605993711911073,1535
60,plus_row,59,0.37516070888516284,0.28154801731939494,0.01903477629532635,1535
