plugin,metric,n_files,size_mb,columns,time_col,value_col,entity_col,entities_in_sample,sample_time_min,sample_time_max,val_min,val_max,val_mean,val_null_%
ipmi_pub,total_power,1,67.6,"timestamp, value, node",timestamp,value,node,2,2020-06-06 22:00:40,2020-06-07 21:59:40,380.0,1300.0,729.488,0.0
ipmi_pub,ambient,1,59.2,"timestamp, value, node",timestamp,value,node,2,2020-06-20 22:00:20,2020-06-21 21:59:40,12.6,15.2,13.4215,0.0
ipmi_pub,p0_power,1,75.8,"timestamp, value, node",timestamp,value,node,2,2020-06-23 22:00:00,2020-06-24 21:59:40,22.0,194.0,62.5316,0.0
ipmi_pub,p1_power,1,77.8,"timestamp, value, node",timestamp,value,node,3,2020-06-10 22:00:00,2020-06-11 21:59:40,12.0,92.0,29.1104,0.0
ipmi_pub,fan0_0,1,42.6,"timestamp, value, node",timestamp,value,node,2,2020-06-16 22:00:00,2020-06-17 21:59:40,4300.0,4400.0,4346.4,0.0
ipmi_pub,fan0_1,1,28.8,"timestamp, value, node",timestamp,value,node,15,2020-06-30 22:00:00,2020-06-30 23:59:40,0.0,6000.0,4713.76,0.0
ipmi_pub,p0_core0_temp,1,28.3,"timestamp, value, node",timestamp,value,node,2,2020-06-17 22:00:00,2020-06-18 21:59:40,28.0,59.0,37.0928,0.0
ipmi_pub,p1_core0_temp,1,25.8,"timestamp, value, node",timestamp,value,node,2,2020-06-20 22:00:00,2020-06-21 21:59:40,31.0,47.0,37.6872,0.0
ganglia_pub,cpu_user,1,24.1,"timestamp, value, node",timestamp,value,node,9,2020-06-07 22:00:32,2020-06-08 14:19:20,0.0,100.0,31.0092,0.0
ganglia_pub,cpu_system,1,22.4,"timestamp, value, node",timestamp,value,node,6,2020-06-02 22:00:03,2020-06-03 21:59:58,0.0,1.6,0.4605,0.0
ganglia_pub,cpu_idle,1,23.2,"timestamp, value, node",timestamp,value,node,6,2020-06-04 22:00:58,2020-06-05 21:59:54,52.4,100.0,89.4303,0.0
ganglia_pub,cpu_wio,1,20.1,"timestamp, value, node",timestamp,value,node,6,2020-06-02 22:00:36,2020-06-25 21:59:56,0.0,0.1,0.0,0.0
ganglia_pub,load_one,1,34.0,"timestamp, value, node",timestamp,value,node,4,2020-06-27 22:00:09,2020-06-28 21:59:00,0.0,64.68,29.5961,0.0
ganglia_pub,load_five,1,32.8,"timestamp, value, node",timestamp,value,node,3,2020-06-18 22:00:16,2020-06-19 21:59:57,0.0,21.95,2.3865,0.0
ganglia_pub,mem_free,1,72.3,"timestamp, value, node",timestamp,value,node,6,2020-06-05 22:00:22,2020-06-13 21:59:21,193082624.0,318631360.0,287535702.2848,0.0
ganglia_pub,bytes_in,1,30.2,"timestamp, value, node",timestamp,value,node,6,2020-06-03 22:01:14,2020-06-23 21:59:59,4737.9399,225367856.0,369725.0938,0.0
ganglia_pub,bytes_out,1,30.9,"timestamp, value, node",timestamp,value,node,12,2020-06-01 22:00:12,2020-06-02 21:59:40,2165.78,70845.7812,10801.0049,0.0
ganglia_pub,proc_run,1,22.3,"timestamp, value, node",timestamp,value,node,9,2020-06-17 22:00:48,2020-06-18 14:10:25,0.0,133.0,13.471,0.0
slurm_pub,cluster_cpu_util,1,1.0,"timestamp, value",timestamp,value,,0,2020-06-04 23:00:00,2020-06-30 22:00:00,16.0,75.0,48.5212,0.0
slurm_pub,cluster_memory_util,1,1.0,"timestamp, value",timestamp,value,,0,2020-06-04 13:53:25,2020-06-30 22:00:00,17.0,72.0,48.33,0.0
