,count,mean,std,min,25%,50%,75%,max
rack,415424.0,23.99999518564166,14.14214158120772,0.0,12.0,24.0,36.0,48.0
total_power,414981.0,543.1734308837482,156.59554535983443,368.93203883495147,396.73333333333335,518.0,646.8,1245.4609929078015
ambient,414981.0,17.60255238379525,2.3491925428069282,9.4313330078125,15.792536949043843,17.410665690104167,19.052000325520833,26.7586669921875
ambient_max,414866.0,22.885225296020508,3.6719698905944824,12.399999618530273,20.200000762939453,23.0,25.399999618530273,40.0
p0_power,414981.0,53.88224792737142,31.595959060154463,23.68553459119497,30.232876712328768,43.169117647058826,65.67719298245613,162.92363636363638
p1_power,414981.0,51.35284621286492,30.098030600338415,23.128205128205128,30.28,40.09318996415771,59.21509433962264,166.39272727272729
fan0_0,414981.0,4367.650464221291,137.38777326716786,2401.190476190476,4319.333333333333,4343.333333333333,4366.0,8490.287769784172
fan0_1,414981.0,4709.947139701871,138.33180623427467,2592.063492063492,4666.333333333333,4690.877192982456,4702.666666666667,7873.021582733813
p0_core0_temp,389570.0,40.03320658004076,7.409725481508403,25.866666666666667,34.646153846153844,38.54599358974359,44.087971342383106,65.57333333333334
p0_core0_temp_max,389570.0,49.03030007444105,10.78097055445722,26.0,41.0,47.0,58.0,74.0
p1_core0_temp,414977.0,39.38969964138006,7.318391778884519,25.2,34.29545454545455,37.82051282051282,42.85333333333333,66.4
p1_core0_temp_max,414977.0,48.1627535983922,11.277350268955646,26.0,40.0,46.0,58.0,79.0
cpu_user,216499.0,5.264854034492205,11.78887859208968,0.0,0.0,1.1758621040431934,4.394443288954349,100.0
cpu_system,216499.0,0.18724241103034564,0.49199983347780185,0.0,0.0,0.033333333830038704,0.23500000635782878,35.36666615804037
cpu_idle,216499.0,94.54897840190074,11.906155729836737,0.0,95.30169777792008,98.69473427220395,100.0,100.0
cpu_wio,216499.0,0.00013778147411109298,0.011454303322697052,0.0,0.0,0.0,0.0,2.0518518141758295
load_one,216500.0,16.45392357494465,72.63902095320846,0.0,0.02500000037252903,2.9952578690048814,9.53406433181383,1808.4933548850574
load_five,216500.0,16.431573339121133,72.4744726796445,0.0,0.017499999205271403,3.004775424465194,9.53887613780463,1760.826018258427
mem_free,216506.0,290589205.9336805,35389807.7354556,85423286.85714285,284454856.5406593,306777743.1537994,313964769.8232558,325204032.0
bytes_in,216490.0,47279.5662744274,2394606.895994012,0.0,7307.5391845703125,40954.369591346156,42723.6386548913,681738700.8
bytes_out,216490.0,24338.27026295007,2362416.477531019,0.0,6760.353347051711,7623.096337256494,11396.874544270833,673618534.4
proc_run,216499.0,7.242111199388146,18.336447403497253,0.0,0.016666666666666666,2.0,6.0,968.0
cluster_cpu_util,407143.0,38.832099801948935,25.436534975376993,0.0,18.233333333333334,31.05,62.0,93.26666666666667
cluster_memory_util,407143.0,38.380634623893854,23.6633030217574,0.0,19.0,31.45,59.166666666666664,87.0
workload_imputed,415424.0,0.0031221113849946077,0.055788630540009286,0.0,0.0,0.0,0.0,1.0
rack_row,415424.0,0.9591814627946388,0.8319928671109151,0.0,0.0,1.0,2.0,2.0
cpu_busy,216499.0,5.451021598099257,11.906155729836737,0.0,0.0,1.3052657277960549,4.698302222079917,100.0
cpu_busy_alt,216499.0,5.452234226996663,11.906737538727006,0.0,0.0,1.3285713195800781,4.695121577969939,100.00000916421413
cpu_power,414981.0,105.23509414023637,61.025848879749084,49.75728155339806,60.48398576512456,83.98473282442748,125.47490347490347,329.3163636363637
fan_speed,414981.0,4538.798801961581,137.22941509887437,2496.626984126984,4493.0,4516.914498141265,4533.333333333334,8181.654676258993
core_temp,414979.0,39.649746725106375,7.0510435967924,26.441666666666666,34.81515151515151,38.139047619047616,43.07159581646424,66.4
tod_sin,415424.0,0.012326889238517356,0.7060142495234175,-1.0,-0.6915130557822693,0.02181488503456112,0.7223639620597555,1.0
tod_cos,415424.0,-0.006199500098638352,0.7080648982944889,-1.0,-0.7223639620597555,-0.021814885034560836,0.7071067811865474,1.0
dow_sin,415424.0,0.02334664672160288,0.7026635159645762,-0.9749279121818236,-0.7818314824680299,0.0,0.7818314824680298,0.9749279121818236
dow_cos,415424.0,0.04258312211259333,0.7098647734873096,-0.9009688679024191,-0.900968867902419,-0.22252093395631434,0.6234898018587336,1.0
is_weekend,415424.0,0.271760899707287,0.4448678337395485,0.0,0.0,0.0,1.0,1.0
