target,unit,horizon_min,model,RMSE,MAE,MAPE_%,R2,n
total_power,W,5,ridge,23.481337948981682,12.27079868379487,1.9812699033400338,0.9534800533228658,25211
total_power,W,5,persistence,23.707657163646587,11.975074185960288,1.9251071507472943,0.9525789892233347,25211
total_power,W,5,gru,25.324497319301695,14.27005806595146,2.2486283814340533,0.9458902911329002,25211
total_power,W,5,xgboost,25.784043981993918,13.26283971873406,2.1012088835381983,0.9439086882175121,25211
total_power,W,5,lstm,26.280036011328935,15.26802554759716,2.3975701949618706,0.9417299431042211,25211
total_power,W,5,seasonal_naive,135.30158301269304,100.73712001801503,16.274811821811934,-0.5445404473541848,25211
total_power,W,15,ridge,38.278386308529655,20.498605740993153,3.309493778897205,0.8763778998927846,25197
total_power,W,15,persistence,39.356977374204526,19.91994707455072,3.1861024943863505,0.8693130118266832,25197
total_power,W,15,xgboost,40.43898078763014,23.217087180550823,3.696780714012237,0.8620285344332206,25197
total_power,W,15,gru,41.81062631482692,24.313286410878728,3.812186031388789,0.8525101202494892,25197
total_power,W,15,lstm,46.62768988796865,27.389065066031144,4.242814755965668,0.8165673358046039,25197
total_power,W,15,seasonal_naive,135.25913446177245,100.75931602777003,16.278962194591596,-0.543554908169916,25197
total_power,W,30,ridge,48.86501131886846,27.688190896525978,4.485569690423297,0.7985833362694542,25176
total_power,W,30,persistence,51.052914666556006,26.992498677665896,4.3187773118877875,0.7801429109279782,25176
total_power,W,30,xgboost,54.92547106382026,35.48389307070008,5.623003017569035,0.7455239170541694,25176
total_power,W,30,lstm,57.78552434876706,35.159648932524505,5.465307661655282,0.71833200165674,25176
total_power,W,30,gru,57.85129536441885,34.40941446295612,5.356218200714532,0.7176904522938172,25176
total_power,W,30,seasonal_naive,135.27038102710245,100.77106398656828,16.279058371340696,-0.5434935440414603,25176
total_power,W,60,ridge,60.600686850786296,37.15387021796849,6.055212381634564,0.6899947575298097,25123
total_power,W,60,persistence,64.25087193592131,35.49158734304572,5.72337873449069,0.6515247031374196,25123
total_power,W,60,xgboost,70.28781431760379,48.70034163596147,7.649700213923409,0.5829635428682318,25123
total_power,W,60,gru,72.08514457473319,46.989916113442035,7.320051009220858,0.5613627674487767,25123
total_power,W,60,lstm,78.10103924238233,51.52742921858484,7.957860602693767,0.485094452566853,25123
total_power,W,60,seasonal_naive,135.39087816806702,100.76243753937221,16.277425938989644,-0.5473649509258507,25123
ambient,degC,5,ridge,0.17232307455037296,0.09913620107321111,0.578824104993519,0.9946726436186548,25211
ambient,degC,5,persistence,0.17666206001277895,0.0989652202405974,0.5791593532260652,0.9944009871790562,25211
ambient,degC,5,xgboost,0.1821088238702221,0.10789688196976328,0.6264314887103241,0.9940504124404793,25211
ambient,degC,5,lstm,0.18900829591214674,0.11829071355382835,0.6795961619335664,0.9935910539696378,25211
ambient,degC,5,gru,0.1956250567039441,0.13190022956392014,0.7614086964374206,0.9931344735782114,25211
ambient,degC,5,seasonal_naive,0.8594120286283051,0.5685377101336555,3.274892249602207,0.8674963818931851,25211
ambient,degC,15,ridge,0.3306542851624933,0.18963911421162177,1.1022130150391303,0.9803913767583436,25197
ambient,degC,15,persistence,0.3360007818320496,0.18599527407399144,1.0853898205591836,0.9797521289078766,25197
ambient,degC,15,xgboost,0.3370748902169751,0.19707410986755555,1.14790759056559,0.9796224674824384,25197
ambient,degC,15,lstm,0.34089102475095684,0.20117108815453547,1.165435038774057,0.979158454289889,25197
ambient,degC,15,gru,0.36487455598551505,0.22435868501586317,1.2811099295366515,0.9761226596272333,25197
ambient,degC,15,seasonal_naive,0.8607451270814722,0.5698905487602617,3.2809656570061825,0.8671235744644123,25197
ambient,degC,30,ridge,0.4447599377835856,0.26119641864111026,1.5107540440010896,0.9645297022366098,25176
ambient,degC,30,gru,0.4517063035353751,0.2748375084691287,1.59304162432518,0.9634130830159563,25176
ambient,degC,30,xgboost,0.4529298297917237,0.27460005670281723,1.5857608521849593,0.9632146103347355,25176
ambient,degC,30,persistence,0.45473694789425473,0.25666663282368474,1.4929846347930538,0.9629204890266505,25176
ambient,degC,30,lstm,0.472251785621378,0.29413141296930556,1.6991496795816061,0.9600091412564026,25176
ambient,degC,30,seasonal_naive,0.8659498015691849,0.5729835269081017,3.2950782774802323,0.8655381919494447,25176
ambient,degC,60,ridge,0.5675271908865419,0.34437738875816853,1.9766106384917812,0.9423294020321923,25123
ambient,degC,60,persistence,0.5831533706949115,0.33462097292105836,1.9348550970774265,0.9391099000214923,25123
ambient,degC,60,xgboost,0.59473249811709,0.3897711475413024,2.2419951232610162,0.9366678185343467,25123
ambient,degC,60,lstm,0.598503440632279,0.37851735646104934,2.164644616164223,0.9358621482534172,25123
ambient,degC,60,gru,0.6124793594045701,0.40444522059311383,2.3244323263907343,0.9328317517982643,25123
ambient,degC,60,seasonal_naive,0.8847681838096357,0.5819649794760341,3.343164649816726,0.8598348323685308,25123
